pub_id,P2B_QoS,A2B_QoS,Delay_(ms),Instance_Count,Total_Messages_Received,Expected_Messages_Received,Message_Loss_Rate_(%),Out_of_Order_Message_Rate_(%),Median_Inter_Message_Gap_(ms),msg_rate_(msg/s)
0,0,0,0,1,121134,121135,0.00,0.00,0.0,112682.791
0,0,0,0,2,111543,111544,0.00,0.00,0.0,211354.286
1,0,0,0,2,110379,110380,0.00,0.00,0.0,211354.286
0,0,0,0,3,108672,108673,0.00,0.00,0.0,306718.269
1,0,0,0,3,106894,106895,0.00,0.00,0.0,306718.269
2,0,0,0,3,103421,103422,0.00,0.00,0.0,306718.269
0,0,0,0,4,101665,101666,0.00,0.00,0.0,384173.221
1,0,0,0,4,101777,101778,0.00,0.00,0.0,384173.221
2,0,0,0,4,106659,106660,0.00,0.00,0.0,384173.221
3,0,0,0,4,100196,100197,0.00,0.00,0.0,384173.221
0,0,0,0,5,98008,98009,0.00,0.00,0.0,375372.817
1,0,0,0,5,99189,99190,0.00,0.00,0.0,375372.817
2,0,0,0,5,97232,97233,0.00,0.00,0.0,375372.817
3,0,0,0,5,99476,99477,0.00,0.00,0.0,375372.817
4,0,0,0,5,100461,100462,0.00,0.00,0.0,375372.817
0,1,0,0,1,59268,59269,0.00,0.00,0.0,56933.718
0,1,0,0,2,55479,55480,0.00,0.00,0.0,106659.309
1,1,0,0,2,55660,55661,0.00,0.00,0.0,106659.309
0,1,0,0,3,48909,48910,0.00,0.00,0.0,146761.239
1,1,0,0,3,49000,49001,0.00,0.00,0.0,146761.239
2,1,0,0,3,48999,49000,0.00,0.00,0.0,146761.239
0,1,0,0,4,45708,45709,0.00,0.00,0.0,173825.336
1,1,0,0,4,45037,45038,0.00,0.00,0.0,173825.336
2,1,0,0,4,45037,45038,0.00,0.00,0.0,173825.336
3,1,0,0,4,45344,45345,0.00,0.00,0.0,173825.336
0,1,0,0,5,39968,39969,0.00,0.00,0.0,191762.679
1,1,0,0,5,40275,40276,0.00,0.00,0.0,191762.679
2,1,0,0,5,40132,40133,0.00,0.00,0.0,191762.679
3,1,0,0,5,39944,39945,0.00,0.00,0.0,191762.679
4,1,0,0,5,40073,40074,0.00,0.00,0.0,191762.679
0,2,0,0,1,35326,35327,0.00,0.00,0.0,33772.467
0,2,0,0,2,29731,29732,0.00,0.00,0.0,56466.539
1,2,0,0,2,29333,29334,0.00,0.00,0.0,56466.539
0,2,0,0,3,27407,27408,0.00,0.00,0.0,79015.355
1,2,0,0,3,27384,27385,0.00,0.00,0.0,79015.355
2,2,0,0,3,27543,27544,0.00,0.00,0.0,79015.355
0,2,0,0,4,25101,25102,0.00,0.00,0.0,100629.000
1,2,0,0,4,25194,25195,0.00,0.00,0.0,100629.000
2,2,0,0,4,25047,25048,0.00,0.00,0.0,100629.000
3,2,0,0,4,25287,25288,0.00,0.00,0.0,100629.000
0,2,0,0,5,22919,22920,0.00,0.00,0.0,109476.099
1,2,0,0,5,22960,22961,0.00,0.00,0.0,109476.099
2,2,0,0,5,22975,22976,0.00,0.00,0.0,109476.099
3,2,0,0,5,22811,22812,0.00,0.00,0.0,109476.099
4,2,0,0,5,22847,22848,0.00,0.00,0.0,109476.099
0,0,0,1,1,905,906,0.11,0.00,1.0,904.096
0,0,0,1,2,908,910,0.22,0.11,1.0,1808.192
1,0,0,1,2,902,904,0.22,0.11,1.0,1808.192
0,0,0,1,3,908,909,0.11,0.00,1.0,2598.854
1,0,0,1,3,906,907,0.11,0.00,1.0,2598.854
2,0,0,1,3,907,908,0.11,0.00,1.0,2598.854
0,0,0,1,4,907,908,0.11,0.00,1.0,3629.000
1,0,0,1,4,907,908,0.11,0.00,1.0,3629.000
2,0,0,1,4,907,908,0.11,0.00,1.0,3629.000
3,0,0,1,4,908,909,0.11,0.00,1.0,3629.000
0,0,0,1,5,909,910,0.11,0.00,1.0,4545.000
1,0,0,1,5,909,910,0.11,0.00,1.0,4545.000
2,0,0,1,5,909,910,0.11,0.00,1.0,4545.000
3,0,0,1,5,909,910,0.11,0.00,1.0,4545.000
4,0,0,1,5,909,910,0.11,0.00,1.0,4545.000
0,1,0,1,1,873,874,0.11,0.00,0.0,847.573
0,1,0,1,2,890,891,0.11,0.00,0.0,1710.298
1,1,0,1,2,887,888,0.11,0.00,0.0,1710.298
0,1,0,1,3,881,882,0.11,0.00,1.0,2430.543
1,1,0,1,3,880,881,0.11,0.00,1.0,2430.543
2,1,0,1,3,881,882,0.11,0.00,1.0,2430.543
0,1,0,1,4,892,893,0.11,0.00,0.0,3557.884
1,1,0,1,4,891,892,0.11,0.00,0.0,3557.884
2,1,0,1,4,891,892,0.11,0.00,0.0,3557.884
3,1,0,1,4,891,892,0.11,0.00,0.0,3557.884
0,1,0,1,5,885,886,0.11,0.00,0.0,4242.570
1,1,0,1,5,885,886,0.11,0.00,0.0,4242.570
2,1,0,1,5,885,886,0.11,0.00,0.0,4242.570
3,1,0,1,5,885,886,0.11,0.00,0.0,4242.570
4,1,0,1,5,885,886,0.11,0.00,0.0,4242.570
0,2,0,1,1,863,864,0.12,0.00,0.0,862.138
0,2,0,1,2,866,867,0.12,0.00,0.0,1654.250
1,2,0,1,2,866,867,0.12,0.00,0.0,1654.250
0,2,0,1,3,871,872,0.11,0.00,0.0,2505.273
1,2,0,1,3,871,872,0.11,0.00,0.0,2505.273
2,2,0,1,3,871,872,0.11,0.00,0.0,2505.273
0,2,0,1,4,871,872,0.11,0.00,0.0,3356.455
1,2,0,1,4,871,872,0.11,0.00,0.0,3356.455
2,2,0,1,4,871,872,0.11,0.00,0.0,3356.455
3,2,0,1,4,871,872,0.11,0.00,0.0,3356.455
0,2,0,1,5,870,871,0.11,0.00,0.0,4356.000
1,2,0,1,5,872,873,0.11,0.00,0.0,4356.000
2,2,0,1,5,872,873,0.11,0.00,0.0,4356.000
3,2,0,1,5,872,873,0.11,0.00,0.0,4356.000
4,2,0,1,5,870,871,0.11,0.00,0.0,4356.000
0,0,0,2,1,460,461,0.22,0.00,2.0,458.624
0,0,0,2,2,473,474,0.21,0.00,2.0,900.288
1,0,0,2,2,466,467,0.21,0.00,2.0,900.288
0,0,0,2,3,472,473,0.21,0.00,2.0,1414.585
1,0,0,2,3,474,475,0.21,0.00,2.0,1414.585
2,0,0,2,3,470,471,0.21,0.00,2.0,1414.585
0,0,0,2,4,474,476,0.42,0.21,2.0,1823.586
1,0,0,2,4,476,477,0.21,0.00,2.0,1823.586
2,0,0,2,4,476,477,0.21,0.00,2.0,1823.586
3,0,0,2,4,476,477,0.21,0.00,2.0,1823.586
0,0,0,2,5,476,477,0.21,0.00,2.0,2277.512
1,0,0,2,5,476,477,0.21,0.00,2.0,2277.512
2,0,0,2,5,476,477,0.21,0.00,2.0,2277.512
3,0,0,2,5,476,477,0.21,0.00,2.0,2277.512
4,0,0,2,5,476,477,0.21,0.00,2.0,2277.512
0,1,0,2,1,464,465,0.22,0.00,2.0,444.019
0,1,0,2,2,467,468,0.21,0.00,2.0,894.737
1,1,0,2,2,468,469,0.21,0.00,2.0,894.737
0,1,0,2,3,469,470,0.21,0.00,0.0,1354.187
1,1,0,2,3,469,470,0.21,0.00,0.0,1354.187
2,1,0,2,3,469,470,0.21,0.00,0.0,1354.187
0,1,0,2,4,468,469,0.21,0.00,0.0,1801.732
1,1,0,2,4,468,469,0.21,0.00,0.0,1801.732
2,1,0,2,4,468,469,0.21,0.00,0.0,1801.732
3,1,0,2,4,468,469,0.21,0.00,0.0,1801.732
0,1,0,2,5,470,471,0.21,0.00,0.0,2261.790
1,1,0,2,5,470,471,0.21,0.00,0.0,2261.790
2,1,0,2,5,470,471,0.21,0.00,0.0,2261.790
3,1,0,2,5,470,471,0.21,0.00,0.0,2261.790
4,1,0,2,5,470,471,0.21,0.00,0.0,2261.790
0,2,0,2,1,463,464,0.22,0.00,0.0,457.962
0,2,0,2,2,463,464,0.22,0.00,0.0,894.686
1,2,0,2,2,463,464,0.22,0.00,0.0,894.686
0,2,0,2,3,464,465,0.22,0.00,0.0,1333.653
1,2,0,2,3,463,464,0.22,0.00,0.0,1333.653
2,2,0,2,3,464,465,0.22,0.00,0.0,1333.653
0,2,0,2,4,464,465,0.22,0.00,2.0,1707.452
1,2,0,2,4,464,465,0.22,0.00,2.0,1707.452
2,2,0,2,4,464,465,0.22,0.00,2.0,1707.452
3,2,0,2,4,464,465,0.22,0.00,2.0,1707.452
0,2,0,2,5,463,464,0.22,0.00,0.0,2312.687
1,2,0,2,5,463,464,0.22,0.00,0.0,2312.687
2,2,0,2,5,463,464,0.22,0.00,0.0,2312.687
3,2,0,2,5,463,464,0.22,0.00,0.0,2312.687
4,2,0,2,5,463,464,0.22,0.00,0.0,2312.687
0,0,0,4,1,240,241,0.41,0.00,4.0,239.760
0,0,0,4,2,242,243,0.41,0.00,4.0,482.036
1,0,0,4,2,241,242,0.41,0.00,4.0,482.036
0,0,0,4,3,241,242,0.41,0.00,4.0,721.834
1,0,0,4,3,243,244,0.41,0.00,4.0,721.834
2,0,0,4,3,240,241,0.41,0.00,4.0,721.834
0,0,0,4,4,243,244,0.41,0.00,4.0,967.131
1,0,0,4,4,243,244,0.41,0.00,4.0,967.131
2,0,0,4,4,242,243,0.41,0.00,4.0,967.131
3,0,0,4,4,243,244,0.41,0.00,4.0,967.131
0,0,0,4,5,244,245,0.41,0.00,4.0,1163.480
1,0,0,4,5,243,244,0.41,0.00,4.0,1163.480
2,0,0,4,5,242,243,0.41,0.00,4.0,1163.480
3,0,0,4,5,244,245,0.41,0.00,4.0,1163.480
4,0,0,4,5,244,245,0.41,0.00,4.0,1163.480
0,1,0,4,1,239,240,0.42,0.00,4.0,227.619
0,1,0,4,2,238,239,0.42,0.00,4.0,453.765
1,1,0,4,2,238,239,0.42,0.00,4.0,453.765
0,1,0,4,3,241,242,0.41,0.00,0.0,694.444
1,1,0,4,3,242,243,0.41,0.00,0.0,694.444
2,1,0,4,3,242,243,0.41,0.00,0.0,694.444
0,1,0,4,4,242,243,0.41,0.00,4.0,921.681
1,1,0,4,4,241,242,0.41,0.00,4.0,921.681
2,1,0,4,4,241,242,0.41,0.00,4.0,921.681
3,1,0,4,4,241,242,0.41,0.00,4.0,921.681
0,1,0,4,5,242,243,0.41,0.00,0.0,1173.618
1,1,0,4,5,242,243,0.41,0.00,0.0,1173.618
2,1,0,4,5,242,243,0.41,0.00,0.0,1173.618
3,1,0,4,5,242,243,0.41,0.00,0.0,1173.618
4,1,0,4,5,242,243,0.41,0.00,0.0,1173.618
0,2,0,4,1,240,241,0.41,0.00,4.0,239.044
0,2,0,4,2,240,241,0.41,0.00,4.0,441.582
1,2,0,4,2,240,241,0.41,0.00,4.0,441.582
0,2,0,4,3,241,242,0.41,0.00,0.0,692.234
1,2,0,4,3,241,242,0.41,0.00,0.0,692.234
2,2,0,4,3,240,241,0.41,0.00,0.0,692.234
0,2,0,4,4,241,242,0.41,0.00,0.0,917.222
1,2,0,4,4,241,242,0.41,0.00,0.0,917.222
2,2,0,4,4,241,242,0.41,0.00,0.0,917.222
3,2,0,4,4,241,242,0.41,0.00,0.0,917.222
0,2,0,4,5,241,242,0.41,0.00,0.0,1168.768
1,2,0,4,5,241,242,0.41,0.00,0.0,1168.768
2,2,0,4,5,241,242,0.41,0.00,0.0,1168.768
3,2,0,4,5,241,242,0.41,0.00,0.0,1168.768
4,2,0,4,5,241,242,0.41,0.00,0.0,1168.768
0,0,1,0,1,131190,131191,0.00,0.00,0.0,125902.111
0,0,1,0,2,112334,112335,0.00,0.00,0.0,216629.451
1,0,1,0,2,112744,112745,0.00,0.00,0.0,216629.451
0,0,1,0,3,107311,107312,0.00,0.00,0.0,305819.923
1,0,1,0,3,105879,105880,0.00,0.00,0.0,305819.923
2,0,1,0,3,106086,106087,0.00,0.00,0.0,305819.923
0,0,1,0,4,102954,102955,0.00,0.00,0.0,378270.469
1,0,1,0,4,104837,104838,0.00,0.00,0.0,378270.469
2,0,1,0,4,103265,103266,0.00,0.00,0.0,378270.469
3,0,1,0,4,100124,100125,0.00,0.00,0.0,378270.469
0,0,1,0,5,96017,96018,0.00,0.00,0.0,370735.921
1,0,1,0,5,97404,97405,0.00,0.00,0.0,370735.921
2,0,1,0,5,96148,96149,0.00,0.00,0.0,370735.921
3,0,1,0,5,97616,97617,0.00,0.00,0.0,370735.921
4,0,1,0,5,99962,99963,0.00,0.00,0.0,370735.921
0,1,1,0,1,49922,49923,0.00,0.00,0.0,47726.577
0,1,1,0,2,47546,47547,0.00,0.00,0.0,91654.842
1,1,1,0,2,48050,48051,0.00,0.00,0.0,91654.842
0,1,1,0,3,41814,43871,4.69,0.00,0.0,115179.393
1,1,1,0,3,41577,43600,4.64,0.00,0.0,115179.393
2,1,1,0,3,41809,44031,5.05,0.00,0.0,115179.393
0,1,1,0,4,33224,42211,21.29,13.20,0.0,131520.958
1,1,1,0,4,33007,41871,21.17,12.49,0.0,131520.958
2,1,1,0,4,32345,41896,22.80,12.21,0.0,131520.958
3,1,1,0,4,33208,41595,20.16,12.34,0.0,131520.958
0,1,1,0,5,18835,37148,49.30,34.37,0.0,93712.288
1,1,1,0,5,18774,37181,49.51,33.97,0.0,93712.288
2,1,1,0,5,18924,37510,49.55,34.53,0.0,93712.288
3,1,1,0,5,18626,37163,49.88,34.73,0.0,93712.288
4,1,1,0,5,18647,37339,50.06,34.72,0.0,93712.288
0,2,1,0,1,32779,32780,0.00,0.00,0.0,32779.000
0,2,1,0,2,27318,28189,3.09,0.00,0.0,50018.382
1,2,1,0,2,27102,27989,3.17,0.00,0.0,50018.382
0,2,1,0,3,25490,25491,0.00,0.00,0.0,73274.117
1,2,1,0,3,25428,25429,0.00,0.00,0.0,73274.117
2,2,1,0,3,25800,25801,0.00,0.00,0.0,73274.117
0,2,1,0,4,22324,22325,0.00,0.00,0.0,89592.000
1,2,1,0,4,22580,22581,0.00,0.00,0.0,89592.000
2,2,1,0,4,22360,22361,0.00,0.00,0.0,89592.000
3,2,1,0,4,22328,22329,0.00,0.00,0.0,89592.000
0,2,1,0,5,18069,19114,5.47,4.01,0.0,90254.745
1,2,1,0,5,18073,19171,5.73,4.22,0.0,90254.745
2,2,1,0,5,18072,19193,5.84,4.28,0.0,90254.745
3,2,1,0,5,18024,19147,5.87,4.34,0.0,90254.745
4,2,1,0,5,18107,19196,5.67,4.36,0.0,90254.745
0,0,1,1,1,907,908,0.11,0.00,1.0,904.287
0,0,1,1,2,909,910,0.11,0.00,1.0,1740.173
1,0,1,1,2,906,907,0.11,0.00,1.0,1740.173
0,0,1,1,3,908,909,0.11,0.00,1.0,2503.220
1,0,1,1,3,905,906,0.11,0.00,1.0,2503.220
2,0,1,1,3,908,909,0.11,0.00,1.0,2503.220
0,0,1,1,4,908,909,0.11,0.00,1.0,3480.345
1,0,1,1,4,908,909,0.11,0.00,1.0,3480.345
2,0,1,1,4,908,909,0.11,0.00,1.0,3480.345
3,0,1,1,4,906,907,0.11,0.00,1.0,3480.345
0,0,1,1,5,910,911,0.11,0.00,1.0,4358.238
1,0,1,1,5,910,911,0.11,0.00,1.0,4358.238
2,0,1,1,5,910,911,0.11,0.00,1.0,4358.238
3,0,1,1,5,910,911,0.11,0.00,1.0,4358.238
4,0,1,1,5,910,911,0.11,0.00,1.0,4358.238
0,1,1,1,1,873,874,0.11,0.00,1.0,873.000
0,1,1,1,2,880,881,0.11,0.00,1.0,1615.809
1,1,1,1,2,878,879,0.11,0.00,1.0,1615.809
0,1,1,1,3,881,882,0.11,0.00,1.0,2534.036
1,1,1,1,3,881,882,0.11,0.00,1.0,2534.036
2,1,1,1,3,881,882,0.11,0.00,1.0,2534.036
0,1,1,1,4,880,881,0.11,0.00,1.0,3374.880
1,1,1,1,4,880,881,0.11,0.00,1.0,3374.880
2,1,1,1,4,880,881,0.11,0.00,1.0,3374.880
3,1,1,1,4,880,881,0.11,0.00,1.0,3374.880
0,1,1,1,5,877,878,0.11,0.00,1.0,4186.246
1,1,1,1,5,877,878,0.11,0.00,1.0,4186.246
2,1,1,1,5,876,877,0.11,0.00,1.0,4186.246
3,1,1,1,5,876,877,0.11,0.00,1.0,4186.246
4,1,1,1,5,877,878,0.11,0.00,1.0,4186.246
0,2,1,1,1,865,866,0.12,0.00,1.0,865.000
0,2,1,1,2,868,869,0.12,0.00,1.0,1656.489
1,2,1,1,2,868,869,0.12,0.00,1.0,1656.489
0,2,1,1,3,870,871,0.11,0.00,1.0,2607.393
1,2,1,1,3,870,871,0.11,0.00,1.0,2607.393
2,2,1,1,3,870,871,0.11,0.00,1.0,2607.393
0,2,1,1,4,869,870,0.11,0.00,1.0,3316.794
1,2,1,1,4,869,870,0.11,0.00,1.0,3316.794
2,2,1,1,4,869,870,0.11,0.00,1.0,3316.794
3,2,1,1,4,869,870,0.11,0.00,1.0,3316.794
0,2,1,1,5,867,868,0.12,0.00,1.0,4152.299
1,2,1,1,5,867,868,0.12,0.00,1.0,4152.299
2,2,1,1,5,867,868,0.12,0.00,1.0,4152.299
3,2,1,1,5,867,868,0.12,0.00,1.0,4152.299
4,2,1,1,5,867,868,0.12,0.00,1.0,4152.299
0,0,1,2,1,465,466,0.21,0.00,2.0,464.535
0,0,1,2,2,466,467,0.21,0.00,2.0,935.130
1,0,1,2,2,471,472,0.21,0.00,2.0,935.130
0,0,1,2,3,473,474,0.21,0.00,2.0,1418.581
1,0,1,2,3,475,476,0.21,0.00,2.0,1418.581
2,0,1,2,3,472,473,0.21,0.00,2.0,1418.581
0,0,1,2,4,475,476,0.21,0.00,2.0,1892.323
1,0,1,2,4,476,477,0.21,0.00,2.0,1892.323
2,0,1,2,4,474,475,0.21,0.00,2.0,1892.323
3,0,1,2,4,473,474,0.21,0.00,2.0,1892.323
0,0,1,2,5,475,476,0.21,0.00,2.0,2279.003
1,0,1,2,5,476,477,0.21,0.00,2.0,2279.003
2,0,1,2,5,475,476,0.21,0.00,2.0,2279.003
3,0,1,2,5,475,476,0.21,0.00,2.0,2279.003
4,0,1,2,5,476,477,0.21,0.00,2.0,2279.003
0,1,1,2,1,455,456,0.22,0.00,2.0,454.092
0,1,1,2,2,467,468,0.21,0.00,2.0,895.494
1,1,1,2,2,467,468,0.21,0.00,2.0,895.494
0,1,1,2,3,467,468,0.21,0.00,2.0,1394.605
1,1,1,2,3,467,468,0.21,0.00,2.0,1394.605
2,1,1,2,3,462,463,0.22,0.00,2.0,1394.605
0,1,1,2,4,468,469,0.21,0.00,2.0,1779.468
1,1,1,2,4,468,469,0.21,0.00,2.0,1779.468
2,1,1,2,4,468,469,0.21,0.00,2.0,1779.468
3,1,1,2,4,468,469,0.21,0.00,2.0,1779.468
0,1,1,2,5,469,470,0.21,0.00,2.0,2342.657
1,1,1,2,5,469,470,0.21,0.00,2.0,2342.657
2,1,1,2,5,469,470,0.21,0.00,2.0,2342.657
3,1,1,2,5,469,470,0.21,0.00,2.0,2342.657
4,1,1,2,5,469,470,0.21,0.00,2.0,2342.657
0,2,1,2,1,462,463,0.22,0.00,2.0,461.078
0,2,1,2,2,464,465,0.22,0.00,2.0,885.496
1,2,1,2,2,464,465,0.22,0.00,2.0,885.496
0,2,1,2,3,463,464,0.22,0.00,2.0,1331.100
1,2,1,2,3,464,465,0.22,0.00,2.0,1331.100
2,2,1,2,3,464,465,0.22,0.00,2.0,1331.100
0,2,1,2,4,464,465,0.22,0.00,2.0,1776.077
1,2,1,2,4,464,465,0.22,0.00,2.0,1776.077
2,2,1,2,4,464,465,0.22,0.00,2.0,1776.077
3,2,1,2,4,464,465,0.22,0.00,2.0,1776.077
0,2,1,2,5,464,465,0.22,0.00,2.0,2224.353
1,2,1,2,5,464,465,0.22,0.00,2.0,2224.353
2,2,1,2,5,464,465,0.22,0.00,2.0,2224.353
3,2,1,2,5,464,465,0.22,0.00,2.0,2224.353
4,2,1,2,5,464,465,0.22,0.00,2.0,2224.353
0,0,1,4,1,242,243,0.41,0.00,4.0,241.276
0,0,1,4,2,242,243,0.41,0.00,4.0,482.552
1,0,1,4,2,242,243,0.41,0.00,4.0,482.552
0,0,1,4,3,242,243,0.41,0.00,4.0,724.826
1,0,1,4,3,242,243,0.41,0.00,4.0,724.826
2,0,1,4,3,243,244,0.41,0.00,4.0,724.826
0,0,1,4,4,242,243,0.41,0.00,4.0,967.066
1,0,1,4,4,241,242,0.41,0.00,4.0,967.066
2,0,1,4,4,243,244,0.41,0.00,4.0,967.066
3,0,1,4,4,243,244,0.41,0.00,4.0,967.066
0,0,1,4,5,242,243,0.41,0.00,4.0,1157.593
1,0,1,4,5,242,243,0.41,0.00,4.0,1157.593
2,0,1,4,5,243,244,0.41,0.00,4.0,1157.593
3,0,1,4,5,243,244,0.41,0.00,4.0,1157.593
4,0,1,4,5,242,243,0.41,0.00,4.0,1157.593
0,1,1,4,1,237,238,0.42,0.00,4.0,236.056
0,1,1,4,2,241,242,0.41,0.00,4.0,460.363
1,1,1,4,2,241,242,0.41,0.00,4.0,460.363
0,1,1,4,3,242,243,0.41,0.00,4.0,696.069
1,1,1,4,3,242,243,0.41,0.00,4.0,696.069
2,1,1,4,3,242,243,0.41,0.00,4.0,696.069
0,1,1,4,4,242,243,0.41,0.00,4.0,965.105
1,1,1,4,4,242,243,0.41,0.00,4.0,965.105
2,1,1,4,4,242,243,0.41,0.00,4.0,965.105
3,1,1,4,4,242,243,0.41,0.00,4.0,965.105
0,1,1,4,5,242,243,0.41,0.00,4.0,1154.580
1,1,1,4,5,242,243,0.41,0.00,4.0,1154.580
2,1,1,4,5,242,243,0.41,0.00,4.0,1154.580
3,1,1,4,5,242,243,0.41,0.00,4.0,1154.580
4,1,1,4,5,242,243,0.41,0.00,4.0,1154.580
0,2,1,4,1,240,241,0.41,0.00,4.0,239.282
0,2,1,4,2,240,241,0.41,0.00,4.0,458.891
1,2,1,4,2,240,241,0.41,0.00,4.0,458.891
0,2,1,4,3,239,240,0.42,0.00,4.0,686.424
1,2,1,4,3,240,241,0.41,0.00,4.0,686.424
2,2,1,4,3,239,240,0.42,0.00,4.0,686.424
0,2,1,4,4,240,241,0.41,0.00,4.0,956.219
1,2,1,4,4,240,241,0.41,0.00,4.0,956.219
2,2,1,4,4,241,242,0.41,0.00,4.0,956.219
3,2,1,4,4,240,241,0.41,0.00,4.0,956.219
0,2,1,4,5,241,242,0.41,0.00,4.0,1150.907
1,2,1,4,5,241,242,0.41,0.00,4.0,1150.907
2,2,1,4,5,241,242,0.41,0.00,4.0,1150.907
3,2,1,4,5,241,242,0.41,0.00,4.0,1150.907
4,2,1,4,5,241,242,0.41,0.00,4.0,1150.907
0,0,2,0,1,126172,126173,0.00,0.00,0.0,121435.996
0,0,2,0,2,114227,114228,0.00,0.00,0.0,199123.776
1,0,2,0,2,109389,109390,0.00,0.00,0.0,199123.776
0,0,2,0,3,108450,108451,0.00,0.00,0.0,305067.308
1,0,2,0,3,105295,105296,0.00,0.00,0.0,305067.308
2,0,2,0,3,103525,103526,0.00,0.00,0.0,305067.308
0,0,2,0,4,102218,102219,0.00,0.00,0.0,383023.011
1,0,2,0,4,99374,99375,0.00,0.00,0.0,383023.011
2,0,2,0,4,98327,98328,0.00,0.00,0.0,383023.011
3,0,2,0,4,99574,99575,0.00,0.00,0.0,383023.011
0,0,2,0,5,97259,97260,0.00,0.00,0.0,371292.213
1,0,2,0,5,96602,96603,0.00,0.00,0.0,371292.213
2,0,2,0,5,95931,95932,0.00,0.00,0.0,371292.213
3,0,2,0,5,95535,95536,0.00,0.00,0.0,371292.213
4,0,2,0,5,96239,96240,0.00,0.00,0.0,371292.213
0,1,2,0,1,53783,53784,0.00,0.00,0.0,53783.000
0,1,2,0,2,45496,45497,0.00,0.00,0.0,87255.034
1,1,2,0,2,45511,45512,0.00,0.00,0.0,87255.034
0,1,2,0,3,41158,41160,0.00,0.00,0.0,123850.000
1,1,2,0,3,41305,41306,0.00,0.00,0.0,123850.000
2,1,2,0,3,41387,41389,0.00,0.00,0.0,123850.000
0,1,2,0,4,33398,41275,19.08,11.21,0.0,126665.067
1,1,2,0,4,33197,41246,19.51,11.39,0.0,126665.067
2,1,2,0,4,33155,41036,19.21,11.38,0.0,126665.067
3,1,2,0,4,32235,41469,22.27,12.74,0.0,126665.067
0,1,2,0,5,20162,38022,46.97,35.40,0.0,96944.112
2,1,2,0,5,19104,38171,49.95,37.11,0.0,96944.112
3,1,2,0,5,18915,38280,50.59,38.00,0.0,96944.112
4,1,2,0,5,19465,37914,48.66,36.92,0.0,96944.112
0,2,2,0,1,29961,29962,0.00,0.00,0.0,29961.000
0,2,2,0,2,27942,27943,0.00,0.00,0.0,53188.878
1,2,2,0,2,27534,27535,0.00,0.00,0.0,53188.878
0,2,2,0,3,23352,23353,0.00,0.00,0.0,69956.044
1,2,2,0,3,23330,23331,0.00,0.00,0.0,69956.044
2,2,2,0,3,23344,23345,0.00,0.00,0.0,69956.044
0,2,2,0,4,12363,19912,37.91,28.97,0.0,49809.571
1,2,2,0,4,12479,20295,38.51,30.08,0.0,49809.571
2,2,2,0,4,12550,20047,37.40,28.47,0.0,49809.571
3,2,2,0,4,12567,20138,37.60,28.70,0.0,49809.571
0,2,2,0,5,7701,18305,57.93,11.99,0.0,39321.678
1,2,2,0,5,7809,18271,57.26,12.56,0.0,39321.678
2,2,2,0,5,7955,18421,56.82,11.59,0.0,39321.678
3,2,2,0,5,7883,18603,57.63,12.32,0.0,39321.678
4,2,2,0,5,8013,18629,56.99,11.07,0.0,39321.678
0,0,2,1,1,906,907,0.11,0.00,1.0,906.000
0,0,2,1,2,908,909,0.11,0.00,1.0,1815.185
1,0,2,1,2,909,910,0.11,0.00,1.0,1815.185
0,0,2,1,3,908,909,0.11,0.00,1.0,2600.764
1,0,2,1,3,908,909,0.11,0.00,1.0,2600.764
2,0,2,1,3,907,908,0.11,0.00,1.0,2600.764
0,0,2,1,4,911,912,0.11,0.00,1.0,3490.421
1,0,2,1,4,911,912,0.11,0.00,1.0,3490.421
2,0,2,1,4,911,912,0.11,0.00,1.0,3490.421
3,0,2,1,4,911,912,0.11,0.00,1.0,3490.421
0,0,2,1,5,909,910,0.11,0.00,1.0,4359.540
1,0,2,1,5,910,911,0.11,0.00,1.0,4359.540
2,0,2,1,5,909,910,0.11,0.00,1.0,4359.540
3,0,2,1,5,909,910,0.11,0.00,1.0,4359.540
4,0,2,1,5,910,911,0.11,0.00,1.0,4359.540
0,1,2,1,1,877,878,0.11,0.00,1.0,876.124
0,1,2,1,2,883,884,0.11,0.00,1.0,1686.724
1,1,2,1,2,883,884,0.11,0.00,1.0,1686.724
0,1,2,1,3,883,884,0.11,0.00,1.0,2649.000
1,1,2,1,3,883,884,0.11,0.00,1.0,2649.000
2,1,2,1,3,883,884,0.11,0.00,1.0,2649.000
0,1,2,1,4,881,882,0.11,0.00,1.0,3227.106
1,1,2,1,4,881,882,0.11,0.00,1.0,3227.106
2,1,2,1,4,881,882,0.11,0.00,1.0,3227.106
3,1,2,1,4,881,882,0.11,0.00,1.0,3227.106
0,1,2,1,5,881,882,0.11,0.00,1.0,4223.394
1,1,2,1,5,881,882,0.11,0.00,1.0,4223.394
2,1,2,1,5,881,882,0.11,0.00,1.0,4223.394
3,1,2,1,5,881,882,0.11,0.00,1.0,4223.394
4,1,2,1,5,881,882,0.11,0.00,1.0,4223.394
0,2,2,1,1,864,865,0.12,0.00,1.0,824.427
0,2,2,1,2,869,870,0.11,0.00,1.0,1666.347
1,2,2,1,2,869,870,0.11,0.00,1.0,1666.347
0,2,2,1,3,869,870,0.11,0.00,1.0,2286.842
1,2,2,1,3,869,870,0.11,0.00,1.0,2286.842
2,2,2,1,3,869,870,0.11,0.00,1.0,2286.842
0,2,2,1,4,868,869,0.12,0.00,1.0,3328.859
1,2,2,1,4,868,869,0.12,0.00,1.0,3328.859
2,2,2,1,4,868,869,0.12,0.00,1.0,3328.859
3,2,2,1,4,868,869,0.12,0.00,1.0,3328.859
0,2,2,1,5,867,868,0.12,0.00,1.0,4156.280
1,2,2,1,5,867,868,0.12,0.00,1.0,4156.280
2,2,2,1,5,867,868,0.12,0.00,1.0,4156.280
3,2,2,1,5,867,868,0.12,0.00,1.0,4156.280
4,2,2,1,5,867,868,0.12,0.00,1.0,4156.280
0,0,2,2,1,467,468,0.21,0.00,2.0,466.533
0,0,2,2,2,473,474,0.21,0.00,2.0,942.116
1,0,2,2,2,471,472,0.21,0.00,2.0,942.116
0,0,2,2,3,475,476,0.21,0.00,2.0,1412.935
1,0,2,2,3,470,471,0.21,0.00,2.0,1412.935
2,0,2,2,3,475,476,0.21,0.00,2.0,1412.935
0,0,2,2,4,474,475,0.21,0.00,2.0,1894.212
1,0,2,2,4,475,476,0.21,0.00,2.0,1894.212
2,0,2,2,4,475,476,0.21,0.00,2.0,1894.212
3,0,2,2,4,474,475,0.21,0.00,2.0,1894.212
0,0,2,2,5,475,476,0.21,0.00,2.0,2375.000
1,0,2,2,5,475,476,0.21,0.00,2.0,2375.000
2,0,2,2,5,475,476,0.21,0.00,2.0,2375.000
3,0,2,2,5,475,476,0.21,0.00,2.0,2375.000
4,0,2,2,5,475,476,0.21,0.00,2.0,2375.000
0,1,2,2,1,465,466,0.21,0.00,2.0,462.227
0,1,2,2,2,466,467,0.21,0.00,2.0,857.406
1,1,2,2,2,466,467,0.21,0.00,2.0,857.406
0,1,2,2,3,468,469,0.21,0.00,2.0,1340.974
1,1,2,2,3,468,469,0.21,0.00,2.0,1340.974
2,1,2,2,3,468,469,0.21,0.00,2.0,1340.974
0,1,2,2,4,466,467,0.21,0.00,2.0,1787.152
1,1,2,2,4,466,467,0.21,0.00,2.0,1787.152
2,1,2,2,4,466,467,0.21,0.00,2.0,1787.152
3,1,2,2,4,466,467,0.21,0.00,2.0,1787.152
0,1,2,2,5,467,468,0.21,0.00,2.0,2232.314
1,1,2,2,5,467,468,0.21,0.00,2.0,2232.314
2,1,2,2,5,467,468,0.21,0.00,2.0,2232.314
3,1,2,2,5,467,468,0.21,0.00,2.0,2232.314
4,1,2,2,5,467,468,0.21,0.00,2.0,2232.314
0,2,2,2,1,461,462,0.22,0.00,0.0,441.994
0,2,2,2,2,463,464,0.22,0.00,2.0,888.782
1,2,2,2,2,464,465,0.22,0.00,2.0,888.782
0,2,2,2,3,464,465,0.22,0.00,2.0,1334.612
1,2,2,2,3,464,465,0.22,0.00,2.0,1334.612
2,2,2,2,3,464,465,0.22,0.00,2.0,1334.612
0,2,2,2,4,464,465,0.22,0.00,2.0,1779.482
1,2,2,2,4,464,465,0.22,0.00,2.0,1779.482
2,2,2,2,4,464,465,0.22,0.00,2.0,1779.482
3,2,2,2,4,464,465,0.22,0.00,2.0,1779.482
0,2,2,2,5,464,465,0.22,0.00,2.0,2215.855
1,2,2,2,5,464,465,0.22,0.00,2.0,2215.855
2,2,2,2,5,464,465,0.22,0.00,2.0,2215.855
3,2,2,2,5,464,465,0.22,0.00,2.0,2215.855
4,2,2,2,5,464,465,0.22,0.00,2.0,2215.855
0,0,2,4,1,241,242,0.41,0.00,4.0,230.843
0,0,2,4,2,244,245,0.41,0.00,4.0,485.543
1,0,2,4,2,243,244,0.41,0.00,4.0,485.543
0,0,2,4,3,244,245,0.41,0.00,4.0,693.410
1,0,2,4,3,242,243,0.41,0.00,4.0,693.410
2,0,2,4,3,240,241,0.41,0.00,4.0,693.410
0,0,2,4,4,244,245,0.41,0.00,4.0,930.277
1,0,2,4,4,244,245,0.41,0.00,4.0,930.277
2,0,2,4,4,244,245,0.41,0.00,4.0,930.277
3,0,2,4,4,242,243,0.41,0.00,4.0,930.277
0,0,2,4,5,243,244,0.41,0.00,4.0,1211.366
1,0,2,4,5,243,244,0.41,0.00,4.0,1211.366
2,0,2,4,5,244,245,0.41,0.00,4.0,1211.366
3,0,2,4,5,242,243,0.41,0.00,4.0,1211.366
4,0,2,4,5,243,244,0.41,0.00,4.0,1211.366
0,1,2,4,1,241,242,0.41,0.00,4.0,240.759
0,1,2,4,2,242,243,0.41,0.00,4.0,442.502
1,1,2,4,2,239,240,0.42,0.00,4.0,442.502
0,1,2,4,3,240,241,0.41,0.00,4.0,688.995
1,1,2,4,3,240,241,0.41,0.00,4.0,688.995
2,1,2,4,3,240,241,0.41,0.00,4.0,688.995
0,1,2,4,4,241,242,0.41,0.00,4.0,886.845
1,1,2,4,4,241,242,0.41,0.00,4.0,886.845
2,1,2,4,4,241,242,0.41,0.00,4.0,886.845
3,1,2,4,4,241,242,0.41,0.00,4.0,886.845
0,1,2,4,5,242,243,0.41,0.00,4.0,1156.938
1,1,2,4,5,242,243,0.41,0.00,4.0,1156.938
2,1,2,4,5,242,243,0.41,0.00,4.0,1156.938
3,1,2,4,5,241,242,0.41,0.00,4.0,1156.938
4,1,2,4,5,242,243,0.41,0.00,4.0,1156.938
0,2,2,4,1,234,235,0.43,0.00,1.0,233.300
0,2,2,4,2,237,238,0.42,0.00,4.0,455.587
1,2,2,4,2,240,241,0.41,0.00,4.0,455.587
0,2,2,4,3,240,241,0.41,0.00,4.0,717.131
1,2,2,4,3,240,241,0.41,0.00,4.0,717.131
2,2,2,4,3,240,241,0.41,0.00,4.0,717.131
0,2,2,4,4,240,241,0.41,0.00,4.0,958.167
1,2,2,4,4,241,242,0.41,0.00,4.0,958.167
2,2,2,4,4,241,242,0.41,0.00,4.0,958.167
3,2,2,4,4,240,241,0.41,0.00,4.0,958.167
0,2,2,4,5,241,242,0.41,0.00,4.0,1153.110
1,2,2,4,5,241,242,0.41,0.00,4.0,1153.110
2,2,2,4,5,241,242,0.41,0.00,4.0,1153.110
3,2,2,4,5,241,242,0.41,0.00,4.0,1153.110
4,2,2,4,5,241,242,0.41,0.00,4.0,1153.110

